{"SextantZone":"Kozama'uka","Start":{"X":-263.35703,"Y":8.999992,"Z":-545.80444},"End":{"X":-353.03336,"Y":1.150327,"Z":-588.78766},"IsLanding":true}