{"SextantZone":"The Dravanian Forelands","Start":{"X":518.8644,"Y":-49.268494,"Z":29.554731},"End":{"X":338.4661,"Y":-25.47915,"Z":-269.988}}