{"User":{"Aetherytes":[62,215,214,213,236,235,234,232,231,230,217,212,211,210,207,208,209,206,205,200,201,204,203,202,224,222,223,218,219,220,221,216,127,191,192,193,194,195,196,198,197,183,181,180,179,167,168,176,177,178,171,174,175,184,185,186,187,189,182,173,172,170,169,166,148,147,160,159,158,157,135,134,156,155,154,153,152,151,150,149,133,141,139,161,140,138,137,143,142,146,144,136,132,98,99,101,100,107,108,106,105,109,110,122,104,121,123,124,116,115,111,113,119,118,112,114,117,102,103,92,91,79,76,73,78,70,83,85,81,82,80,88,84,87,86,75,90,74,71,72,77,14,19,10,5,24,52,4,12,3,53,21,15,23,18,16,6,22,17,11,7,20,2,25,31,29,28,27,26,30,32,94,8,93,43,42,44,49,48,46,41,45,33,9,37,39,40,38,35,50,36,34,51,47,95,125],"FlyGraphs":[1191,1190,1189,1187,1188,960,961,959,956,957,958,622,620,613,614,621,402,397,400,398,399,401,612,813,816,817,814,815,818,901,134,135,137,138,139,180,148,152,153,154,140,141,145,146,147,156,155],"Quests":[69708,67633,66753,66754,66789,66911,66958,67116,70415]},"Location":{"Position":{"X":-19.996492,"Y":-16.0,"Z":141.6407},"Subzone":3436,"Zone":886},"Area":"Ul'dah (Steps of Thal)","Position":{"X":140.56743,"Y":4.0,"Z":-43.454662}}